license_number,company_name,company_dba,license_classification,issued_date,naics_code,naics_name,predirection,address_line1,address_line2,street_type,postdirection,unit_suite,city,state,postal_code,address_concat,address_api,longitude,latitude,disinvested_neighborhood,council_district,npu,company_name_clean,company_dba_clean,search_name
GBL-0121-01137,Sean's Candler Park,,Retail Trade,2025-02-16 18:41:03.713,445299.0,All Other Specialty Food Stores ,,1394,MCLENDON,AVE,NE,,Atlanta,GA,,1394 MCLENDON AVE Atlanta GA nan,"1394 McLendon Ave NE, Atlanta, Georgia, 30307",-84.341868387694,33.765008777271,False,2,N,sean's candler park,,sean's candler park 
GBL-0121-01137,Sean's Candler Park,,Retail Trade,2025-02-16 18:41:03.713,445299.0,All Other Specialty Food Stores ,,1394,MCLENDON,AVE,NE,,Atlanta,GA,,1394 MCLENDON AVE Atlanta GA nan,"1394 McLendon Ave NE, Atlanta, Georgia, 30307",-84.341868387694,33.765008777271,False,2,N,sean's candler park,,sean's candler park 
GBL-0121-01206,Lee Street Management,Hardy's BP,Other Services except Public Administration,2025-02-14 11:10:25.407,445120.0,Convenience Stores ,,516,Lee,ST,SW,,Atlanta,GA,30310,516 Lee ST Atlanta GA 30310,"516 Lee St SW, Atlanta, Georgia, 30310",-84.413715882419,33.740776108457,False,4,T,lee street management,hardy's bp,lee street management hardy's bp
GBL-0122-09519,Shree Laxmi Narayan Dev LLC,Gateway Newstand,Retail Trade,2025-02-11 22:04:55.063,445120.0,Convenience Stores ,,33,MARIETTA,ST,NW,,Atlanta,GA,,33 MARIETTA ST Atlanta GA nan,"33 Marietta St NW, Atlanta, Georgia, 30303",-84.390434727255,33.755170183142,False,2,M,shree laxmi narayan dev llc,gateway newstand,shree laxmi narayan dev llc gateway newstand
GBL-0123-18386,"Sami & Asmir, LLC",West View Food Mart,Retail Trade,2025-02-17 23:05:03.207,445120.0,Convenience Stores ,,2053 Martin Luther King Jr Drive SW Atlanta Georgia 30310,,,,,,,,2053 Martin Luther King Jr Drive SW Atlanta Georgia 30310 nan nan nan nan nan,"2053 Martin Luther King Jr Dr SW, Atlanta, Georgia, 30310",-84.453652968841,33.750310984324,True,10,I,"sami & asmir, llc",west view food mart,"sami & asmir, llc west view food mart"
GBL-0124-26500,Vine City Vending LLC,Vine City Food Mart,Accommodation and Food Services,2025-02-24 23:06:05.817,445120.0,Convenience Stores ,,901 Joseph E Boone NW Atlanta Georgia 30314,,,,,,,,901 Joseph E Boone NW Atlanta Georgia 30314 nan nan nan nan nan,"901 Joseph E Boone Blvd NW, Atlanta, Georgia, 30314",-84.417081300363,33.763760292793,True,3,L,vine city vending llc,vine city food mart,vine city vending llc vine city food mart
GBL-0125-35421,Stone3034 Inc,BB Food Mart,Retail Trade,2025-02-13 00:23:48.000,445120.0,Convenience Stores ,,3034 Stone Hogan Conn,,,,,Atlanta,GA,30331,3034 Stone Hogan Conn nan nan Atlanta GA 30331,"3034 Stone Hogan Connector Rd SW, Atlanta, Georgia, 30331",-84.497059182001,33.672977235284,True,11,R,stone3034 inc,bb food mart,stone3034 inc bb food mart
GBL-0125-35934,FRIENDS CHOICE 2025 INC,CHOICE FOOD MART,Retail Trade,2025-02-12 15:02:00.000,445120.0,Convenience Stores ,,1575 JOSEPH E BOONE NW,,,,STE B,ATLANTA,GA,30318,1575 JOSEPH E BOONE NW nan nan ATLANTA GA 30318,"1575 Joseph E Boone Blvd NW, Atlanta, Georgia, 30318",-84.436576754973,33.763618900758,True,3,J,friends choice 2025 inc,choice food mart,friends choice 2025 inc choice food mart
GBL-0221-01420,Metro Food Mart,,Retail Trade,2025-02-12 13:08:14.883,445120.0,Convenience Stores ,,1341,METROPOLITAN,PKWY,SW,,Atlanta,GA,,1341 METROPOLITAN PKWY Atlanta GA nan,"1341 Metropolitan Pkwy SW, Atlanta, Georgia, 30310",-84.40811836366,33.718020330983,True,12,X,metro food mart,,metro food mart 
GBL-0222-09719,Pursue Goals LLC.,Pittsburgh Market,Retail Trade,2025-02-15 19:09:46.123,445120.0,Convenience Stores ,,543,ROCKWELL,ST,SW,,Atlanta,GA,,543 ROCKWELL ST Atlanta GA nan,"543 Rockwell St SW, Atlanta, Georgia, 30310",-84.405425677265,33.732072088743,True,12,V,pursue goals llc.,pittsburgh market,pursue goals llc. pittsburgh market
GBL-0222-09816,Discount Food Mart,,Retail Trade,2025-02-07 08:49:40.393,445120.0,Convenience Stores ,,2866,METROPOLITAN,PKWY,SW,,Atlanta,GA,,2866 METROPOLITAN PKWY Atlanta GA nan,"2866 Metropolitan Pkwy SW, Atlanta, Georgia, 30315",-84.408221712526,33.676549230552,True,12,X,discount food mart,,discount food mart 
GBL-0223-19087,Varuni Casa LLC,,Accommodation and Food Services,2025-02-11 17:22:23.063,445299.0,All Other Specialty Food Stores ,,1540 Monroe Dr. NE,,,,,Atlanta,GA,30324-5306,1540 Monroe Dr. NE nan nan Atlanta GA 30324-5306,"1540 Monroe Dr NE, Atlanta, Georgia, 30324",-84.368768094279,33.796557129266,False,6,F,varuni casa llc,,varuni casa llc 
GBL-0223-19245,Be Free Technologies LLC,,Retail Trade,2025-02-15 18:38:10.133,452319.0,All Other General Merchandise Stores ,,1234,ZIMMER,Drive,NE,,Atlanta,GA,,1234 ZIMMER Drive Atlanta GA nan,"1234 Zimmer Dr NE, Atlanta, Georgia, 30306",-84.346672475499,33.792826260344,False,6,F,be free technologies llc,,be free technologies llc 
GBL-0223-19426,Tecovas Inc,Tecovas,Retail Trade,2025-01-24 15:04:12.010,452319.0,All Other General Merchandise Stores ,,3400 Around Lenox,,RD,,Suite 200,Atlanta,GA,30326,3400 Around Lenox nan RD Atlanta GA 30326,"3400 Around Lenox Rd NE, Atlanta, Georgia, 30326",-84.365146944469,33.84638963912,False,7,B,tecovas inc,tecovas,tecovas inc tecovas
GBL-0224-28234,MM PRIME 1771 INC,VILLA FOOD MART,Retail Trade,2025-02-21 23:06:25.700,445120.0,Convenience Stores ,,1771,CENTRA VILLA,Drive,SW,,Atlanta,GA,,1771 CENTRA VILLA Drive Atlanta GA nan,"1771 Centra Villa Dr SW, Atlanta, Georgia, 30311",-84.456060251433,33.707513280077,True,11,R,mm prime 1771 inc,villa food mart,mm prime 1771 inc villa food mart
GBL-0225-36411,T Food and Gas,,Retail Trade,2025-02-24 13:08:00.000,445120.0,Convenience Stores ,,121,CLEVELAND,Avenue,SE,,Atlanta,GA,,121 CLEVELAND Avenue Atlanta GA nan,"121 Cleveland Ave, Atlanta, Georgia, 30315",-84.384710725576,33.680713066683,True,12,Z,t food and gas,,t food and gas 
GBL-0321-01663,"NIFTY NEIGHBOR, LLC",NIFTY NEIGHBOR,Retail Trade,2025-02-15 18:35:06.880,445120.0,Convenience Stores ,,250 PHARR ,,RD,,,ATLANTA,GA,30305,250 PHARR  nan RD ATLANTA GA 30305,"250 Pharr Rd NE, Atlanta, Georgia, 30305",-84.378655554903,33.837486213929,False,7,B,"nifty neighbor, llc",nifty neighbor,"nifty neighbor, llc nifty neighbor"
GBL-0322-10667,Lee Food Mart INC,,Retail Trade,2025-02-25 23:09:37.080,445120.0,Convenience Stores ,,"1193 Lee ST SW, Atlanta, GA 30310",,,,,,,,"1193 Lee ST SW, Atlanta, GA 30310 nan nan nan nan nan","1193 Lee St SW, Atlanta, Georgia, 30310",-84.423048880148,33.722610303072,True,4,S,lee food mart inc,,lee food mart inc 
GBL-0322-11270,MORELLI' ICE CREAM VAHI,morelli's ice cream,Retail Trade,2025-02-13 15:05:05.897,445299.0,All Other Specialty Food Stores ,,1002 north highland avenue NE,,,,,ATLANTA,GA,30306,1002 north highland avenue NE nan nan ATLANTA GA 30306,"1002 N Highland Ave NE, Atlanta, Georgia, 30306",-84.354469489471,33.781925259988,False,6,F,morelli' ice cream vahi,morelli's ice cream,morelli' ice cream vahi morelli's ice cream
GBL-0322-11708,CleanTrvlr LLC,,Retail Trade,2025-02-14 17:10:56.923,452319.0,All Other General Merchandise Stores ,,522 Bismark Rd NE,,,,,Atlanta,GA,30324,522 Bismark Rd NE nan nan Atlanta GA 30324,"522 Bismark Rd NE, Atlanta, Georgia, 30324",-84.365363365209,33.810597739094,False,6,F,cleantrvlr llc,,cleantrvlr llc 
GBL-0323-20010,"Simpson Business, Inc.",Shopper's Supermarket,Retail Trade,2025-02-11 13:09:25.970,445120.0,Convenience Stores ,,"735 Joseph E. Boone Blvd., NW",,,,,Atlanta,GA,30314,"735 Joseph E. Boone Blvd., NW nan nan Atlanta GA 30314","735 Joseph E Boone Blvd NW, Atlanta, Georgia, 30314",-84.411495737895,33.763489575689,True,3,L,"simpson business, inc.",shopper's supermarket,"simpson business, inc. shopper's supermarket"
GBL-0323-20116,"Five Below, Inc.",Five Below #6266,Retail Trade,2025-01-15 13:05:33.650,452319.0,All Other General Merchandise Stores ,,3232,PEACHTREE,Road,NE,,Atlanta,GA,,3232 PEACHTREE Road Atlanta GA nan,"3232 Peachtree Rd NE, Atlanta, Georgia, 30305",-84.37412052619,33.844426765034,False,7,B,"five below, inc.",five below #6266,"five below, inc. five below #6266"
GBL-0324-28457,Swift Bodega LLC,Swift Bodega,Retail Trade,2025-02-03 15:26:20.000,445120.0,Convenience Stores ,,207,13th,ST,NE,A1,Atlanta,GA,30309,207 13th ST Atlanta GA 30309,"207 13th St NE, Atlanta, Georgia, 30309",-84.380223473711,33.785100618277,False,2,E,swift bodega llc,swift bodega,swift bodega llc swift bodega
GBL-0421-02038,SE Co-Brand Ventures,Auntie Anne's/Planet Smoothie,Accommodation and Food Services,2025-02-17 16:38:19.303,445299.0,All Other Specialty Food Stores ,,3393 Peachtree Rd NE,3393 Peachtree Rd NE,,,,Atlanta,GA,30326,3393 Peachtree Rd NE 3393 Peachtree Rd NE nan Atlanta GA 30326,"3393 Peachtree Rd NE, Atlanta, Georgia, 30326",-84.362357782369,33.845306068587,False,7,B,se co-brand ventures,auntie anne's/planet smoothie,se co-brand ventures auntie anne's/planet smoothie
GBL-0421-02073,"AVNOOR, INC",A J Package,Other Services except Public Administration,2025-02-11 11:42:45.603,452319.0,All Other General Merchandise Stores ,,548,NORTHSIDE,DR,NW,,Atlanta,GA,,548 NORTHSIDE DR Atlanta GA nan,"548 Northside Dr NW, Atlanta, Georgia, 30318",-84.404852553448,33.7696903681,True,3,L,"avnoor, inc",a j package,"avnoor, inc a j package"
GBL-0421-02179,A&B Food Mart of Atlanta Georgia LLC,,Retail Trade,2025-02-14 11:09:19.663,445120.0,Convenience Stores ,,1519,Pryor,RD,SW,Ste B,Atlanta,GA,30315,1519 Pryor RD Atlanta GA 30315,"1519 Pryor Rd SW, Atlanta, Georgia, 30315",-84.393681122173,33.713951839001,True,12,Y,a&b food mart of atlanta georgia llc,,a&b food mart of atlanta georgia llc 
GBL-0421-02202,Sai Shakti Provisions LLC,Savi Provisions,Accommodation and Food Services,2025-02-02 15:35:12.293,445299.0,All Other Specialty Food Stores ,NW,950 Marietta Street,"Ste. 4, Bldg B",,,,Atlanta,GA,30318,"950 Marietta Street Ste. 4, Bldg B nan Atlanta GA 30318","950 W Marietta St NW, Suite B, Atlanta, Georgia, 30318",-84.418938981564,33.78267300957,False,3,K,sai shakti provisions llc,savi provisions,sai shakti provisions llc savi provisions
GBL-0421-02202,Sai Shakti Provisions LLC,Savi Provisions,Accommodation and Food Services,2025-02-02 15:35:12.293,445299.0,All Other Specialty Food Stores ,NW,950 Marietta Street,"Ste. 4, Bldg B",,,,Atlanta,GA,30318,"950 Marietta Street Ste. 4, Bldg B nan Atlanta GA 30318","950 W Marietta St NW, Suite B, Atlanta, Georgia, 30318",-84.418938981564,33.78267300957,False,3,K,sai shakti provisions llc,savi provisions,sai shakti provisions llc savi provisions
GBL-0421-02252,"Six Continents Hotels, Inc.",,"Admin, Support, Waste Mgt & Remediation Svc",2025-01-31 13:35:10.953,452319.0,All Other General Merchandise Stores ,,1289 Seaboard Industrial,,BLVD,,,Atlanta,GA,30080,1289 Seaboard Industrial nan BLVD Atlanta GA 30080,"1289 Seaboard Industrial Blvd NW, Atlanta, Georgia, 30318",-84.430202247775,33.807826262809,False,9,D,"six continents hotels, inc.",,"six continents hotels, inc. "
GBL-0421-02322,Healthy Healing Corporation,The Zen Bar,Retail Trade,2025-02-13 09:06:19.577,452319.0,All Other General Merchandise Stores ,,553 E Joseph Lowery Blvd,,BLVD,,,Atlanta,GA,30310,553 E Joseph Lowery Blvd nan BLVD Atlanta GA 30310,"553 Joseph E Lowery Blvd SW, Atlanta, Georgia, 30310",-84.418101964713,33.739947012505,False,4,T,healthy healing corporation,the zen bar,healthy healing corporation the zen bar
GBL-0422-11835,"DoorDash Essentials, LLC",DashMart,Accommodation and Food Services,2025-01-29 13:20:58.497,445120.0,Convenience Stores ,,1360,SEABOARD INDUSTRIAL,BLVD,NW,,Atlanta,GA,30318,1360 SEABOARD INDUSTRIAL BLVD Atlanta GA 30318,"1360 Seaboard Industrial Blvd NW, Atlanta, Georgia, 30318",-84.432206528463,33.809205002063,False,9,D,"doordash essentials, llc",dashmart,"doordash essentials, llc dashmart"
GBL-0422-11898,800 MARIETTA CONVENIENCE INC,TECH SHOP & RUN,Retail Trade,2025-01-17 12:37:54.940,445120.0,Convenience Stores ,,800,MARIETTA,Street,NW,,Atlanta,GA,,800 MARIETTA Street Atlanta GA nan,"800 Marietta St NW, Atlanta, Georgia, 30318",-84.405895063843,33.773810739524,False,3,E,800 marietta convenience inc,tech shop & run,800 marietta convenience inc tech shop & run
GBL-0422-12617,Frazie's Meat & Market,,Retail Trade,2025-01-22 15:04:24.643,445210.0,Meat Markets ,,2030,Main,ST,NW,R-204,Atlanta,GA,30318,2030 Main ST Atlanta GA 30318,"2030 Main St NW, Atlanta, Georgia, 30318",-84.471880674582,33.811153710732,False,9,D,frazie's meat & market,,frazie's meat & market 
GBL-0424-29551,"Smokeshow Foods, LLC",,Retail Trade,2025-01-21 09:23:44.097,445299.0,All Other Specialty Food Stores ,,320 Orlean,,ST,SE,,Atlanta,GA,30312,320 Orlean nan ST Atlanta GA 30312,"320 Orleans St SE, Atlanta, Georgia, 30312",-84.377155445692,33.740234763241,False,1,W,"smokeshow foods, llc",,"smokeshow foods, llc "
GBL-0424-30352,Lopa Investment Inc,Best 4 Less,Retail Trade,2025-02-17 09:05:48.067,445120.0,Convenience Stores ,,1177,LEE,Street,SW,,Atlanta,GA,,1177 LEE Street Atlanta GA nan,"1177 Lee St SW, Atlanta, Georgia, 30310",-84.422615284297,33.723051694093,True,4,S,lopa investment inc,best 4 less,lopa investment inc best 4 less
GBL-0424-30352,Lopa Investment Inc,Best 4 Less,Retail Trade,2025-02-17 09:05:48.067,445120.0,Convenience Stores ,,1177,LEE,Street,SW,,Atlanta,GA,,1177 LEE Street Atlanta GA nan,"1177 Lee St SW, Atlanta, Georgia, 30310",-84.422615284297,33.723051694093,True,4,S,lopa investment inc,best 4 less,lopa investment inc best 4 less
GBL-0521-02957,Pack Hospitality LLC,Kinship Butcher Sundry,Retail Trade,2025-01-24 15:04:50.157,445299.0,All Other Specialty Food Stores ,NE,1019 Virginia Ave.,1019 Virginia Ave.,,,,Atlanta,GA,30306,1019 Virginia Ave. 1019 Virginia Ave. nan Atlanta GA 30306,"1019 Virginia Ave NE, Atlanta, Georgia, 30306",-84.353810001329,33.782247879441,False,6,F,pack hospitality llc,kinship butcher sundry,pack hospitality llc kinship butcher sundry
GBL-0521-03027,"Squoze, LLC",,Accommodation and Food Services,2025-02-07 16:05:55.827,445299.0,All Other Specialty Food Stores ,,660 Irwin Street,,,,,Atlanta,GA,30312,660 Irwin Street nan nan Atlanta GA 30312,"660 Irwin St NE, Atlanta, Georgia, 30312",-84.365227075464,33.757834748252,False,2,M,"squoze, llc",,"squoze, llc "
GBL-0521-03176,8 Cleveland,24/7 Food Mart,Retail Trade,2025-02-24 23:06:53.167,445120.0,Convenience Stores ,,8 Cleveland,,AVE,SE,,Atlanta,GA,30315,8 Cleveland nan AVE Atlanta GA 30315,"8 Cleveland Ave SE, Atlanta, Georgia, 30315",-84.388403037744,33.681354533733,True,12,Z,8 cleveland,24/7 food mart,8 cleveland 24/7 food mart
GBL-0521-03176,8 Cleveland,24/7 Food Mart,Retail Trade,2025-02-24 23:06:53.167,445120.0,Convenience Stores ,,8 Cleveland,,AVE,SE,,Atlanta,GA,30315,8 Cleveland nan AVE Atlanta GA 30315,"8 Cleveland Ave SE, Atlanta, Georgia, 30315",-84.388403037744,33.681354533733,True,12,Z,8 cleveland,24/7 food mart,8 cleveland 24/7 food mart
GBL-0521-03200,Fitlife Foods Tampa LLC,,Retail Trade,2025-01-07 17:19:02.537,445299.0,All Other Specialty Food Stores ,NE,3655 Roswell Road,,,,Suite 218,Atlanta,GA,30342,3655 Roswell Road nan nan Atlanta GA 30342,"3655 Roswell Rd NE, Atlanta, Georgia, 30342",-84.382238986149,33.855807000704,False,7,B,fitlife foods tampa llc,,fitlife foods tampa llc 
GBL-0521-03367,JSM JOSEPH E BOONE INC,FOOD MART,Retail Trade,2025-01-29 09:36:09.383,445120.0,Convenience Stores ,,1576,JOSEPH E BOONE,BLVD,NW,Suite A,Atlanta,GA,30314,1576 JOSEPH E BOONE BLVD Atlanta GA 30314,"1576 Joseph E Boone Blvd NW, Atlanta, Georgia, 30314",-84.439145570825,33.763328876236,True,3,J,jsm joseph e boone inc,food mart,jsm joseph e boone inc food mart
GBL-0523-20950,Toni's Spicy Mama Hot Sauce,,Retail Trade,2025-01-27 12:09:26.820,445299.0,All Other Specialty Food Stores ,,1108 Mathews ,,ST,NW,,ATLANTA ,GA,30310,1108 Mathews  nan ST ATLANTA  GA 30310,"1108 Mathews St SW, Atlanta, Georgia, 30310",-84.424059905309,33.734446388546,False,4,T,toni's spicy mama hot sauce,,toni's spicy mama hot sauce 
GBL-0524-30506,"Peachtree Creek Bridge, LLC",Cucina Baci,Retail Trade,2025-02-14 15:09:08.413,445299.0,All Other Specialty Food Stores ,,2295,PEACHTREE,Road,NE,,Atlanta,GA,,2295 PEACHTREE Road Atlanta GA nan,"2295 Peachtree Rd NE, Atlanta, Georgia, 30309",-84.388995722117,33.81700323141,False,7,E,"peachtree creek bridge, llc",cucina baci,"peachtree creek bridge, llc cucina baci"
GBL-0524-30506,"Peachtree Creek Bridge, LLC",Cucina Baci,Retail Trade,2025-02-14 15:09:08.413,445299.0,All Other Specialty Food Stores ,,2295,PEACHTREE,Road,NE,,Atlanta,GA,,2295 PEACHTREE Road Atlanta GA nan,"2295 Peachtree Rd NE, Atlanta, Georgia, 30309",-84.388995722117,33.81700323141,False,7,E,"peachtree creek bridge, llc",cucina baci,"peachtree creek bridge, llc cucina baci"
GBL-0524-30618,ABM Foodmart LLC,Mr. Sam,Accommodation and Food Services,2025-02-16 18:47:13.340,445120.0,Convenience Stores ,,215 Forsyth,,ST,SW,,Atlanta,GA,30303,215 Forsyth nan ST Atlanta GA 30303,"215 Forsyth St SW, Atlanta, Georgia, 30303",-84.396785695291,33.74894263863,False,4,M,abm foodmart llc,mr. sam,abm foodmart llc mr. sam
GBL-0524-30618,ABM Foodmart LLC,Mr. Sam,Accommodation and Food Services,2025-02-16 18:47:13.340,445120.0,Convenience Stores ,,215 Forsyth,,ST,SW,,Atlanta,GA,30303,215 Forsyth nan ST Atlanta GA 30303,"215 Forsyth St SW, Atlanta, Georgia, 30303",-84.396785695291,33.74894263863,False,4,M,abm foodmart llc,mr. sam,abm foodmart llc mr. sam
GBL-0524-30763,"SV Cleveland, LLC",24 Hour Food Mart,Retail Trade,2025-02-24 23:05:53.147,445120.0,Convenience Stores ,,5 Cleveland Avenue SE Atlanta Georgia 30315,,,,,,,,5 Cleveland Avenue SE Atlanta Georgia 30315 nan nan nan nan nan,"5 Cleveland Ave SE, Atlanta, Georgia, 30315",-84.388518372732,33.680899983123,True,12,Z,"sv cleveland, llc",24 hour food mart,"sv cleveland, llc 24 hour food mart"
GBL-0524-30775,MUZI WORKS LLC,,Retail Trade,2025-02-13 11:24:47.137,452319.0,All Other General Merchandise Stores ,SW,448 Ralph David Abernathy,,BLVD,,15,Atlanta,GA,30312,448 Ralph David Abernathy nan BLVD Atlanta GA 30312,"448 Ralph David Abernathy Blvd SW, Atlanta, Georgia, 30312",-84.402592007258,33.736452010337,True,4,V,muzi works llc,,muzi works llc 
GBL-0621-04413,TOHID 2021 CORPORATION,WEST END FOOD MART,Retail Trade,2025-01-23 07:05:01.933,445120.0,Convenience Stores ,,836 RALPH DAVID ABERNATHY BLVD SW,,,,,ATLANTA,GA,30310,836 RALPH DAVID ABERNATHY BLVD SW nan nan ATLANTA GA 30310,"836 Ralph David Abernathy Blvd SW, Atlanta, Georgia, 30310",-84.415084982484,33.738137988252,False,4,T,tohid 2021 corporation,west end food mart,tohid 2021 corporation west end food mart
GBL-0621-04479,Con Leche LLC,,Accommodation and Food Services,2025-02-08 16:07:27.060,445299.0,All Other Specialty Food Stores ,,181 Flat Shoals,,AVE,SE,1,Atlanta,GA,30316,181 Flat Shoals nan AVE Atlanta GA 30316,"181 Flat Shoals Ave SE, Atlanta, Georgia, 30316",-84.352601163253,33.748616875964,False,5,N,con leche llc,,con leche llc 
GBL-0621-04553,A & M CORNER FOOD MART LLC,A & M CORNER,Retail Trade,2025-02-12 13:08:28.960,445120.0,Convenience Stores ,,1053 cascade,,AVE,SW,,ATLANTA,GA,30311,1053 cascade nan AVE ATLANTA GA 30311,"1053 Cascade Cir SW, Atlanta, Georgia, 30311",-84.449341066391,33.726136150642,True,11,S,a & m corner food mart llc,a & m corner,a & m corner food mart llc a & m corner
GBL-0622-14295,Meats to Sweets Corp,,Accommodation and Food Services,2025-02-15 19:03:06.737,445299.0,All Other Specialty Food Stores ,,2080 Defoor Ave,,,,210,Atlanta,GA,30318,2080 Defoor Ave nan nan Atlanta GA 30318,"2080 Defoor Ave NW, Atlanta, Georgia, 30318",-84.426307596465,33.812096507201,False,9,D,meats to sweets corp,,meats to sweets corp 
GBL-0622-14670,"Capella Cheese, LLC",Capella Cheese,Retail Trade,2025-02-13 09:08:59.133,445299.0,All Other Specialty Food Stores ,,"255 Ottley Drive, #110",,,,,Atlanta,GA,30324,"255 Ottley Drive, #110 nan nan Atlanta GA 30324","255 Ottley Dr NE, Suite 110, Atlanta, Georgia, 30324",-84.378527479423,33.810791277239,False,6,E,"capella cheese, llc",capella cheese,"capella cheese, llc capella cheese"
GBL-0623-21356,AK OZSAI Group LLC,Food Mart,Retail Trade,2025-02-19 23:09:35.193,445120.0,Convenience Stores ,,1570 Ralph David Abernathy Blvd. SW,,,,,Atlanta,GA,30310,1570 Ralph David Abernathy Blvd. SW nan nan Atlanta GA 30310,"1570 Ralph David Abernathy Blvd SW, Atlanta, Georgia, 30310",-84.438997462596,33.744057749279,False,10,T,ak ozsai group llc,food mart,ak ozsai group llc food mart
GBL-0623-21399,"A & M Super Thrift Food Mart, LLC",,Accommodation and Food Services,2025-01-24 11:05:41.130,445120.0,Convenience Stores ,,2079,JOSEPH E BOONE,Boulevard,NW,,Atlanta,GA,,2079 JOSEPH E BOONE Boulevard Atlanta GA nan,"2079 Joseph E Boone Blvd NW, Atlanta, Georgia, 30314",-84.456308355767,33.764023987466,True,3,J,"a & m super thrift food mart, llc",,"a & m super thrift food mart, llc "
GBL-0624-31340,"Framebridge Retail Stores, LLC",,Retail Trade,2025-02-14 15:05:42.953,452319.0,All Other General Merchandise Stores ,,3400 Around Lenox Road,,,NE,Suite 206A,Atlanta,GA,30326,3400 Around Lenox Road nan nan Atlanta GA 30326,"3400 Around Lenox Rd NE, Atlanta, Georgia, 30326",-84.365146944469,33.84638963912,False,7,B,"framebridge retail stores, llc",,"framebridge retail stores, llc "
GBL-0624-31369,"Framebridge, Inc.",,Retail Trade,2025-02-14 15:10:13.673,452319.0,All Other General Merchandise Stores ,,1198,HOWELL MILL,Road,NW,,Atlanta,GA,,1198 HOWELL MILL Road Atlanta GA nan,"1198 Howell Mill Rd NW, Atlanta, Georgia, 30318",-84.412203787087,33.786734628392,False,9,D,"framebridge, inc.",,"framebridge, inc. "
GBL-0624-31707,IBRE FOOD MART LLC,,Retail Trade,2025-02-02 15:35:01.263,445120.0,Convenience Stores ,,1623 Memorial,,DR,SE,,ATLANTA,GA,30317,1623 Memorial nan DR ATLANTA GA 30317,"1623 Memorial Dr SE, Atlanta, Georgia, 30317",-84.334260134182,33.747200460055,False,5,O,ibre food mart llc,,ibre food mart llc 
GBL-0722-14986,Rosh & Mit Inc,Dixie News,Retail Trade,2025-02-12 17:04:24.170,445120.0,Convenience Stores ,,13,Decatur,ST,SE,,Atlanta,GA,30303,13 Decatur ST Atlanta GA 30303,"13 Decatur St SE, Atlanta, Georgia, 30303",-84.389591004881,33.753717012589,False,2,M,rosh & mit inc,dixie news,rosh & mit inc dixie news
GBL-0724-31838,288 RIZ ATLANTA INC,PIT STOP,Other Services except Public Administration,2025-01-21 10:51:17.603,445120.0,Convenience Stores ,,288 RALPH DAVID ABERNATHY BLVD,,,,,ATLANTA,GA,30312,288 RALPH DAVID ABERNATHY BLVD nan nan ATLANTA GA 30312,"288 Ralph David Abernathy Blvd SW, Atlanta, Georgia, 30312",-84.397431604749,33.736594167415,True,4,V,288 riz atlanta inc,pit stop,288 riz atlanta inc pit stop
GBL-0821-05719,"Faiz & Friends, Inc.",Henry's Pack N Sack,Retail Trade,2025-02-11 17:23:58.890,445120.0,Convenience Stores ,,1167,JOSEPH E BOONE,BLVD,NW,,Atlanta,GA,,1167 JOSEPH E BOONE BLVD Atlanta GA nan,"1167 Joseph E Boone Blvd NW, Atlanta, Georgia, 30314",-84.425680630107,33.763813224511,True,3,K,"faiz & friends, inc.",henry's pack n sack,"faiz & friends, inc. henry's pack n sack"
GBL-0821-05719,"Faiz & Friends, Inc.",Henry's Pack N Sack,Retail Trade,2025-02-11 17:23:58.890,445120.0,Convenience Stores ,,1167,JOSEPH E BOONE,BLVD,NW,,Atlanta,GA,,1167 JOSEPH E BOONE BLVD Atlanta GA nan,"1167 Joseph E Boone Blvd NW, Atlanta, Georgia, 30314",-84.425680630107,33.763813224511,True,3,K,"faiz & friends, inc.",henry's pack n sack,"faiz & friends, inc. henry's pack n sack"
GBL-0822-15756,"Mamun US Investment, LLC",Lowrey Food Mart,Retail Trade,2025-02-24 23:05:34.233,445120.0,Convenience Stores ,,644 Joseph E Lowrey Blvd Atlanta Georgia 30318,,,,,,,,644 Joseph E Lowrey Blvd Atlanta Georgia 30318 nan nan nan nan nan,"644 Joseph E Lowery Blvd NW, Atlanta, Georgia, 30318",-84.417835839287,33.772354677214,True,3,K,"mamun us investment, llc",lowrey food mart,"mamun us investment, llc lowrey food mart"
GBL-0823-22475,SYLVAN 2023 INC,SYLVAN FOOD MART,Retail Trade,2025-01-07 09:06:02.640,445120.0,Convenience Stores ,,1709 SYLVAN,,RD,SW,,ATLANTA,GA,30310,1709 SYLVAN nan RD ATLANTA GA 30310,"1709 Sylvan Rd SW, Atlanta, Georgia, 30310",-84.418411340759,33.708313793739,True,12,X,sylvan 2023 inc,sylvan food mart,sylvan 2023 inc sylvan food mart
GBL-0823-22617,SSN 2024 INC,MLK FOODMART,Retail Trade,2025-02-18 12:18:31.000,445120.0,Convenience Stores ,SW,2636 martin luther king JR,,DR,,suite 2,ATLANTA,GA,30311,2636 martin luther king JR nan DR ATLANTA GA 30311,"2636 Martin Luther King Jr Dr SW, Atlanta, Georgia, 30311",-84.473962027715,33.75378844341,False,10,I,ssn 2024 inc,mlk foodmart,ssn 2024 inc mlk foodmart
GBL-0823-22670,Super Convenient LLC,,Other Services except Public Administration,2025-02-14 13:12:55.740,445120.0,Convenience Stores ,,20 Terminus Place NE,,,,UNIT 1406,Atlanta,GA,30305,20 Terminus Place NE nan nan Atlanta GA 30305,"20 Terminus Pl NE, Atlanta, Georgia, 30305",-84.37145600299,33.845478987249,False,7,B,super convenient llc,,super convenient llc 
GBL-0823-22725,Pryor Gas and Food LLC,,Retail Trade,2025-02-10 15:48:14.000,445120.0,Convenience Stores ,,1152 Pryor,,RD,SE,,Atlanta,GA,30315,1152 Pryor nan RD Atlanta GA 30315,"1152 Pryor Rd SW, Atlanta, Georgia, 30315",-84.392977377583,33.723559595516,True,12,V,pryor gas and food llc,,pryor gas and food llc 
GBL-0823-22787,Pahi African Caribbean Market 2,,Retail Trade,2025-02-11 22:06:48.917,445120.0,Convenience Stores ,,"2775 Campbellton Road RD C Atlanta, GA 30311",,,,,,,,"2775 Campbellton Road RD C Atlanta, GA 30311 nan nan nan nan nan","2775 Campbellton Rd SW, Atlanta, Georgia, 30311",-84.479793023541,33.701421983401,True,11,R,pahi african caribbean market 2,,pahi african caribbean market 2 
GBL-0823-23054,MIDTOWN MARKET 225 INC,,Retail Trade,2025-02-06 13:23:55.287,445120.0,Convenience Stores ,,225 10th,,ST,NE,,Atlanta,GA,30309,225 10th nan ST Atlanta GA 30309,"225 10th St NE, Atlanta, Georgia, 30309",-84.380219031302,33.781624307754,False,2,E,midtown market 225 inc,,midtown market 225 inc 
GBL-0824-32419,EDGEWOOD STOP INC,K STOP,Retail Trade,2025-01-21 10:23:17.847,445120.0,Convenience Stores ,,138 EDGEWOOD AVE NE,,,,,ATLANTA,GA,30303,138 EDGEWOOD AVE NE nan nan ATLANTA GA 30303,"138 Edgewood Ave NE, Atlanta, Georgia, 30303",-84.38369148615,33.754659054687,False,5,M,edgewood stop inc,k stop,edgewood stop inc k stop
GBL-0922-15990,The Record Loft,,Retail Trade,2025-02-11 15:04:52.457,452319.0,All Other General Merchandise Stores ,,749,MORELAND,Avenue,SE,,Atlanta,GA,,749 MORELAND Avenue Atlanta GA nan,"749 Moreland Ave SE, Atlanta, Georgia, 30316",-84.349677974521,33.733572994235,False,1,W,the record loft,,the record loft 
GBL-0922-15996,Overstock Goods Outlet,,Retail Trade,2025-02-25 23:12:33.613,452319.0,All Other General Merchandise Stores ,,1700 Marietta,,BLVD,NW,B34,Atlanta,GA,30318,1700 Marietta nan BLVD Atlanta GA 30318,"1700 Marietta Blvd, Atlanta, Georgia, 30318",-84.445873717132,33.792857074081,True,9,G,overstock goods outlet,,overstock goods outlet 
GBL-0922-15997,MAHIMOU LLC,DONNELLY FOOD MART,Retail Trade,2025-01-21 17:03:48.170,445120.0,Convenience Stores ,,1294 DONNELLY AVE SW,,,,,ATLANTA,GA,30310,1294 DONNELLY AVE SW nan nan ATLANTA GA 30310,"1294 Donnelly Ave SW, Atlanta, Georgia, 30310",-84.430037040464,33.734528698835,False,4,T,mahimou llc,donnelly food mart,mahimou llc donnelly food mart
GBL-0922-15997,MAHIMOU LLC,DONNELLY FOOD MART,Retail Trade,2025-01-21 17:03:48.170,445120.0,Convenience Stores ,,1294 DONNELLY AVE SW,,,,,ATLANTA,GA,30310,1294 DONNELLY AVE SW nan nan ATLANTA GA 30310,"1294 Donnelly Ave SW, Atlanta, Georgia, 30310",-84.430037040464,33.734528698835,False,4,T,mahimou llc,donnelly food mart,mahimou llc donnelly food mart
GBL-0923-23458,ATLANTA FRESH SUBS LLC,SUBWAY,Retail Trade,2025-01-09 19:04:33.477,445299.0,All Other Specialty Food Stores ,,1162-C PRYOR ST,,,,,ATLANTA,GA,30315,1162-C PRYOR ST nan nan ATLANTA GA 30315,"1162 Pryor St SW, Atlanta, Georgia, 30315",-84.393278416816,33.722943279315,True,12,V,atlanta fresh subs llc,subway,atlanta fresh subs llc subway
GBL-0924-33420,ISMAIL BD INC,PEACH CONVENIENCE STORE,Retail Trade,2025-02-26 23:05:48.667,445120.0,Convenience Stores ,,30 Peachtree ST NW,,,,Suite CU3,Atlanta,GA,30303,30 Peachtree ST NW nan nan Atlanta GA 30303,"30 Peachtree St NW, Atlanta, Georgia, 30303",-84.389939859691,33.75483624812,False,2,M,ismail bd inc,peach convenience store,ismail bd inc peach convenience store
GBL-1022-16679,Peachtreehills Grocer LLC,Savi Provision,Retail Trade,2025-01-04 17:05:50.793,445299.0,All Other Specialty Food Stores ,,365, Peachtree Hil,AVE,NE,uite 101,Atlanta,GA,30305,365  Peachtree Hil AVE Atlanta GA 30305,"365 Peachtree Hills Ave NE, Atlanta, Georgia, 30305",-84.373046720574,33.820259014061,False,7,B,peachtreehills grocer llc,savi provision,peachtreehills grocer llc savi provision
GBL-1022-16682,"The Zero Co, LLC",,Retail Trade,2025-02-03 15:20:11.343,445299.0,All Other Specialty Food Stores ,N,630,Highland,AVE,NE,Suite 626,Atlanta,GA,30306,630 Highland AVE Atlanta GA 30306,"630 N Highland Ave NE, Atlanta, Georgia, 30306",-84.352737033904,33.771594983419,False,2,N,"the zero co, llc",,"the zero co, llc "
GBL-1023-23896,Retropassion21,,Retail Trade,2025-02-12 15:04:17.017,452319.0,All Other General Merchandise Stores ,,464 Armour Drive NE,,,,,Atlanta,GA,30324,464 Armour Drive NE nan nan Atlanta GA 30324,"464 Armour Dr NE, Atlanta, Georgia, 30324",-84.372171985159,33.812666015612,False,6,F,retropassion21,,retropassion21 
GBL-1024-33703,PYS Exotics,,Retail Trade,2025-02-23 09:08:00.000,445120.0,Convenience Stores ,,1084 katherwood drive sw,,,,,atlanta,GA,30310,1084 katherwood drive sw nan nan atlanta GA 30310,"1084 Katherwood Dr SW, Atlanta, Georgia, 30310",-84.423815069918,33.709841186046,True,12,X,pys exotics,,pys exotics 
GBL-1120-00070,Ruby Innovations,,Retail Trade,2025-02-15 18:39:53.083,452319.0,All Other General Merchandise Stores ,,1195,Milton Terrace ,TER,SE,2103,Atlanta,GA,30315,1195 Milton Terrace  TER Atlanta GA 30315,"1195 Milton Ter SE, Atlanta, Georgia, 30315",-84.381889712243,33.72297319757,True,1,Y,ruby innovations,,ruby innovations 
GBL-1122-16935,"Saiful Holdings, LLC",AK Food Mart,Retail Trade,2025-02-24 23:08:38.980,445120.0,Convenience Stores ,,1981 Joseph E Boone Blvd NW Atlanta Georgia 30314,,,,,,,,1981 Joseph E Boone Blvd NW Atlanta Georgia 30314 nan nan nan nan nan,"1981 Joseph E Boone Blvd NW, Atlanta, Georgia, 30314",-84.451747343155,33.764856519999,True,3,J,"saiful holdings, llc",ak food mart,"saiful holdings, llc ak food mart"
GBL-1122-17400,Best 4 Less,Best 4 Less,Retail Trade,2025-02-15 19:08:41.533,452210.0,Department Stores ,SW,2024 campbellton,,RD,SW,,atlanta,GA,30311,2024 campbellton nan RD atlanta GA 30311,"2024 Campbellton Rd SW, Atlanta, Georgia, 30311",-84.455296388665,33.707205445654,True,11,R,best 4 less,best 4 less,best 4 less best 4 less
GBL-1123-24557,"Oakland City Food Mart, LLC",Oakland City Food Mart,Accommodation and Food Services,2025-02-11 22:08:34.987,445120.0,Convenience Stores ,,976 oakland dr sw,,,SW,,atlanta,GA,30310,976 oakland dr sw nan nan atlanta GA 30310,"976 Oakland Dr SW, Atlanta, Georgia, 30310",-84.42690103521,33.728279277556,True,4,S,"oakland city food mart, llc",oakland city food mart,"oakland city food mart, llc oakland city food mart"
GBL-1124-34183,CAME & R INC,ATLANTA FOOD MART,Retail Trade,2025-02-27 23:07:11.493,445120.0,Convenience Stores ,,1575 Joseph E. Boone,,BLVD,NW,A,ATLANTA,GA,30318,1575 Joseph E. Boone nan BLVD ATLANTA GA 30318,"1575 Joseph E Boone Blvd NW, Atlanta, Georgia, 30318",-84.436576754973,33.763618900758,True,3,J,came & r inc,atlanta food mart,came & r inc atlanta food mart
GBL-1124-34415,R to Z Group LLC,7th Sky,Retail Trade,2025-02-07 16:10:23.930,445120.0,Convenience Stores ,,2044 Campbellton Road SW,,,,Unit W,Atlanta,GA,30311,2044 Campbellton Road SW nan nan Atlanta GA 30311,"2044 Campbellton Rd SW, Atlanta, Georgia, 30311",-84.455510985318,33.705683007699,True,11,R,r to z group llc,7th sky,r to z group llc 7th sky
GBL-1221-08253,SAVI Post Riverside LLC,Savi Provisions Provisions,Accommodation and Food Services,2025-01-23 17:04:24.810,445299.0,All Other Specialty Food Stores ,,4403 Northside,,PKWY,,Suite 170,Atlanta,GA,30327,4403 Northside nan PKWY Atlanta GA 30327,"4403 Northside Pkwy NW, Atlanta, Georgia, 30327",-84.449183989525,33.868063019527,False,8,A,savi post riverside llc,savi provisions provisions,savi post riverside llc savi provisions provisions
GBL-1221-08253,SAVI Post Riverside LLC,Savi Provisions Provisions,Accommodation and Food Services,2025-01-23 17:04:24.810,445299.0,All Other Specialty Food Stores ,,4403 Northside,,PKWY,,Suite 170,Atlanta,GA,30327,4403 Northside nan PKWY Atlanta GA 30327,"4403 Northside Pkwy NW, Atlanta, Georgia, 30327",-84.449183989525,33.868063019527,False,8,A,savi post riverside llc,savi provisions provisions,savi post riverside llc savi provisions provisions
GBL-1222-17677,Double Scoop Ice Cream Cascade,,Accommodation and Food Services,2025-01-09 09:05:20.507,445299.0,All Other Specialty Food Stores ,,3455 Martin Luther King JR,,DR,SW,,Atlanta,GA,30331,3455 Martin Luther King JR nan DR Atlanta GA 30331,"3455 Martin Luther King Jr Dr SW, Atlanta, Georgia, 30331",-84.500505963573,33.756387361212,True,10,H,double scoop ice cream cascade,,double scoop ice cream cascade 
GBL-1222-17731,"Savi@Lenox, LLC",Savi@Lenox,Retail Trade,2025-01-16 17:15:12.883,445120.0,Convenience Stores ,,3478 Lakeside Drive NE Atlanta Georgia 30326,,,,,,,,3478 Lakeside Drive NE Atlanta Georgia 30326 nan nan nan nan nan,"3478 Lakeside Dr NE, Atlanta, Georgia, 30326",-84.357515975999,33.848084501851,False,7,B,"savi@lenox, llc",savi@lenox,"savi@lenox, llc savi@lenox"
GBL-1222-17734,"Savi@StarMetal,LLC",Savi@StarMetal,Retail Trade,2025-01-16 13:18:25.490,445120.0,Convenience Stores ,,1050 Howell Mill Road NW Suite 105 Atlanta Georgia 30318,,,,,,,,1050 Howell Mill Road NW Suite 105 Atlanta Georgia 30318 nan nan nan nan nan,"1050 Howell Mill Rd NW, Atlanta, Georgia, 30318",-84.412136983318,33.78340101977,False,3,E,"savi@starmetal,llc",savi@starmetal,"savi@starmetal,llc savi@starmetal"
GBL-1222-17734,"Savi@StarMetal,LLC",Savi@StarMetal,Retail Trade,2025-01-16 13:18:25.490,445120.0,Convenience Stores ,,1050 Howell Mill Road NW Suite 105 Atlanta Georgia 30318,,,,,,,,1050 Howell Mill Road NW Suite 105 Atlanta Georgia 30318 nan nan nan nan nan,"1050 Howell Mill Rd NW, Atlanta, Georgia, 30318",-84.412136983318,33.78340101977,False,3,E,"savi@starmetal,llc",savi@starmetal,"savi@starmetal,llc savi@starmetal"
GBL-1223-25719,GOVARDHAN LLC,T FOOD MART,Retail Trade,2025-02-15 19:08:05.863,445120.0,Convenience Stores ,,1155,Sylvan,RD,SW,,ATLANTA,GA,30310,1155 Sylvan RD ATLANTA GA 30310,"1155 Sylvan Rd SW, Atlanta, Georgia, 30310",-84.418260717959,33.723420036828,True,12,S,govardhan llc,t food mart,govardhan llc t food mart
GBL-1224-34696,WINDSOR 786 INC,WINDSOR SUPER MARKET,Retail Trade,2025-02-11 16:17:16.000,445120.0,Convenience Stores ,,504,WINDSOR,Street,SW,,Atlanta,GA,,504 WINDSOR Street Atlanta GA nan,"504 Windsor St SW, Atlanta, Georgia, 30312",-84.397927897236,33.741090178369,True,4,V,windsor 786 inc,windsor super market,windsor 786 inc windsor super market
GBL-1224-34928,Bloomingdales The Outlet Store LLC,Bloomingdale's Outlet,Retail Trade,2025-01-31 15:34:04.400,452210.0,Department Stores ,,3495 Buckhead Loop NE,,LOOP,NE,Suite 110A,Atlanta,GA,30326,3495 Buckhead Loop NE nan LOOP Atlanta GA 30326,"3495 Buckhead Loop NE, Atlanta, Georgia, 30326",-84.370336432182,33.850357212988,False,7,B,bloomingdales the outlet store llc,bloomingdale's outlet,bloomingdales the outlet store llc bloomingdale's outlet
LGB-017398-2020,THE CONTAINER STORE INC,,Retail Trade,2025-02-04 12:04:29.600,452319.0,All Other General Merchandise Stores ,,3637,PEACHTREE,RD,NE,STE-C,ATLANTA,GA,30319,3637 PEACHTREE RD ATLANTA GA 30319,"3637 Peachtree Rd NE, Atlanta, Georgia, 30319",-84.358339928589,33.853858627133,False,7,B,the container store inc,,the container store inc 
LGB-095302-2019,"THE GINKGO LEAF, LLC.",,Retail Trade,2025-02-14 17:13:16.920,452319.0,All Other General Merchandise Stores ,,386,HASCALL,RD,NW,,ATLANTA,GA,30309,386 HASCALL RD ATLANTA GA 30309,"386 Hascall Rd NW, Atlanta, Georgia, 30309",-84.40056006629,33.796921574416,False,8,E,"the ginkgo leaf, llc.",,"the ginkgo leaf, llc. "
LGB-099671-2020,DIGITAL ARTS STUDIO,,Retail Trade,2025-01-28 17:04:04.227,452319.0,All Other General Merchandise Stores ,,1082,HUFF,RD,NW,B,ATLANTA,GA,30318,1082 HUFF RD ATLANTA GA 30318,"1082 Huff Rd NW, Atlanta, Georgia, 30318",-84.422867244306,33.788967902674,False,9,D,digital arts studio,,digital arts studio 
LGB-109428-2020,GREAT WRAPS,,Retail Trade,2025-02-04 10:05:25.990,445299.0,All Other Specialty Food Stores ,,231,PEACHTREE,ST,NE,B37,ATLANTA,GA,30303,231 PEACHTREE ST ATLANTA GA 30303,"231 Peachtree St NE, Atlanta, Georgia, 30303",-84.386491628544,33.75994028233,False,2,M,great wraps,,great wraps 
LGB-125603-2020,E Z SHOP FOOD MART,,Retail Trade,2025-01-15 17:12:27.983,445120.0,Convenience Stores ,,2049,SYLVAN,RD,SW,,ATLANTA,GA,30310,2049 SYLVAN RD ATLANTA GA 30310,"2049 Sylvan Rd SW, Atlanta, Georgia, 30310",-84.418676627995,33.698772086622,True,12,X,e z shop food mart,,e z shop food mart 
LGB-156808-2020,PACES CAFE,,Retail Trade,2025-02-11 02:56:37.287,445299.0,All Other Specialty Food Stores ,,3193,HOWELL MILL,RD,NW,STE# 122,ATLANTA,GA,30327,3193 HOWELL MILL RD ATLANTA GA 30327,"3193 Howell Mill Rd NW, Atlanta, Georgia, 30327",-84.427124999662,33.842232257054,False,8,C,paces cafe,,paces cafe 
LGB-158209-2020,BUEN OS DIAS CAFE,,Retail Trade,2025-02-11 17:22:14.833,445299.0,All Other Specialty Food Stores ,,30,DECATUR,ST,SE,,ATLANTA,GA,30303,30 DECATUR ST ATLANTA GA 30303,"30 Decatur St SE, Atlanta, Georgia, 30303",-84.38849859144,33.75415144663,False,1,M,buen os dias cafe,,buen os dias cafe 
LGB-164880-2020,FRUITY ICE TREATS,FRUITY ICE TREATS,Retail Trade,2025-02-11 11:42:02.053,445299.0,All Other Specialty Food Stores ,,2491,MARTIN L KING JR,DR,SW,,ATLANTA,GA,30310,2491 MARTIN L KING JR DR ATLANTA GA 30310,"2491 Martin Luther King Jr Dr SW, Atlanta, Georgia, 30311",-84.469053036379,33.752476945152,False,10,I,fruity ice treats,fruity ice treats,fruity ice treats fruity ice treats
LGB-166790-2020,"ATLANTA BRIDAL COLLECTION,LLC",,"Admin, Support, Waste Mgt & Remediation Svc",2025-02-15 18:45:51.357,452319.0,All Other General Merchandise Stores ,,442,E PACES FERRY,RD,NE,,ATLANTA,GA,30305,442 E PACES FERRY RD ATLANTA GA 30305,"442 E Paces Ferry Rd NE, Atlanta, Georgia, 30305",-84.373395491565,33.838515679277,False,District 7,B,"atlanta bridal collection,llc",,"atlanta bridal collection,llc "
LGB-168267-2020,SUNRISE FRAGRANCE,,Retail Trade,2025-01-29 13:20:25.103,452319.0,All Other General Merchandise Stores ,,199,MITCHELL,ST,SW,Unit 2,ATLANTA,GA,30303,199 MITCHELL ST ATLANTA GA 30303,"199 Mitchell St SW, Atlanta, Georgia, 30303",-84.394057637264,33.751805310022,False,District 4,M,sunrise fragrance,,sunrise fragrance 
LGB-169812-2020,BUILD A BEAR WORKSHOP,,Retail Trade,2025-02-24 23:07:18.923,452319.0,All Other General Merchandise Stores ,,3500,PEACHTREE,RD,NE,STE 2034,ATLANTA,GA,30326,3500 PEACHTREE RD ATLANTA GA 30326,"3500 Peachtree Rd NE, Atlanta, Georgia, 30326",-84.362432297488,33.85276537568,False,District 7,B,build a bear workshop,,build a bear workshop 
LGB-175262-2019,"GREEN CAMP FOODMART, INC",CAMP FOOD MART,Retail Trade,2025-02-07 08:49:59.973,445120.0,Convenience Stores ,,2674,CAMPBELLTON,RD,SW,,ATLANTA,GA,30311,2674 CAMPBELLTON RD ATLANTA GA 30311,"2674 Campbellton Rd SW, Atlanta, Georgia, 30311",-84.47575998701,33.702174007754,True,District 11,R,"green camp foodmart, inc",camp food mart,"green camp foodmart, inc camp food mart"
LGB-181046-2020,BRASH POURS LLC,,Retail Trade,2025-01-20 11:24:26.823,445299.0,All Other Specialty Food Stores ,,130,W PACES FERRY,RD,NW,,ATLANTA,GA,30305,130 W PACES FERRY RD ATLANTA GA 30305,"130 W Paces Ferry Rd NW, Atlanta, Georgia, 30305",-84.386068090976,33.841879965664,False,District 8,B,brash pours llc,,brash pours llc 
LGB-185142-2020,SODEXO OPERATIONS LLC,,Retail Trade,2025-02-06 12:04:44.537,445299.0,All Other Specialty Food Stores ,,35,JESSE HILL JR,DR,SE,,ATLANTA,GA,30315,35 JESSE HILL JR DR ATLANTA GA 30315,"35 Jesse Hill Jr Dr SE, Atlanta, Georgia, 30303",-84.381977638408,33.753858499114,False,District 5,M,sodexo operations llc,,sodexo operations llc 
LGB-185144-2020,SODEXO OPERATIONS LLC,,Retail Trade,2025-02-06 12:05:47.983,445299.0,All Other Specialty Food Stores ,,2800,SPRINGDALE,RD,SW,,ATLANTA,GA,30315,2800 SPRINGDALE RD ATLANTA GA 30315,"2800 Springdale Rd SW, Atlanta, Georgia, 30315",-84.414148891538,33.678792730756,True,District 12,X,sodexo operations llc,,sodexo operations llc 
LGB-185145-2020,SODEXO OPERATIONS LLC,,Retail Trade,2025-02-06 12:04:02.027,445299.0,All Other Specialty Food Stores ,,80,JESSE HILL JR,DR,SE,,ATLANTA,GA,30315,80 JESSE HILL JR DR ATLANTA GA 30315,"80 Jesse Hill Jr Dr SE, Atlanta, Georgia, 30303",-84.382240997805,33.752091007192,False,District 5,M,sodexo operations llc,,sodexo operations llc 
LGB-185408-2020,LITTLE TART BAKESHOP,,Retail Trade,2025-03-04 23:05:51.690,445299.0,All Other Specialty Food Stores ,,60,GEORGIA,AVE,SE,,ATLANTA,GA,30312,60 GEORGIA AVE ATLANTA GA 30312,"60 Georgia Ave SE, Atlanta, Georgia, 30312",-84.385663412691,33.737155293923,False,District 1,V,little tart bakeshop,,little tart bakeshop 
LGB-188969-2020,EINSTEIN AND NOAH CORP,,Retail Trade,2025-01-31 15:35:26.653,445299.0,All Other Specialty Food Stores ,,1163,W PEACHTREE,ST,NE,,ATLANTA,GA,30309,1163 W PEACHTREE ST ATLANTA GA 30309,"1163 W Peachtree St NE, Atlanta, Georgia, 30309",-84.387421013968,33.786433005606,False,District 2,E,einstein and noah corp,,einstein and noah corp 
LGB-189227-2020,MK 2019 INC,,Retail Trade,2025-01-17 11:04:50.623,445120.0,Convenience Stores ,,196,PEACHTREE,ST,SW,STE-105,ATLANTA,GA,30303,196 PEACHTREE ST ATLANTA GA 30303,"196 Peachtree St SW, Atlanta, Georgia, 30303",-84.394192250629,33.749041964183,False,District 4,M,mk 2019 inc,,mk 2019 inc 
LGB-189774-2020,GEORGIA SUSTAINABLE JUICE COMP,,Retail Trade,2025-01-17 17:12:03.413,445299.0,All Other Specialty Food Stores ,,2260,MARIETTA,BLVD,NW,,ATLANTA,GA,30318,2260 MARIETTA BLVD ATLANTA GA 30318,"2260 Marietta Blvd, Atlanta, Georgia, 30318",-84.464125760336,33.805809961705,True,District 9,G,georgia sustainable juice comp,,georgia sustainable juice comp 
LGB-189774-2020,GEORGIA SUSTAINABLE JUICE COMP,,Retail Trade,2025-01-17 17:12:03.413,445299.0,All Other Specialty Food Stores ,,2260,MARIETTA,BLVD,NW,,ATLANTA,GA,30318,2260 MARIETTA BLVD ATLANTA GA 30318,"2260 Marietta Blvd, Atlanta, Georgia, 30318",-84.464125760336,33.805809961705,True,District 9,G,georgia sustainable juice comp,,georgia sustainable juice comp 
GBL-0125-35562,Esen AK LLC,Austin5,Retail Trade,2025-05-13 14:10:21.000,452319.0,All Other General Merchandise Stores ,,2841 Greenbriar Pkwy,,,,,Atlanta,GA,30331,2841 Greenbriar Pkwy nan nan Atlanta GA 30331,"2841 Greenbriar Pkwy SW, Atlanta, Georgia, 30331",-84.495719393946,33.686618033651,True,District 11,R,esen ak llc,austin5,esen ak llc austin5
GBL-0125-35869,Nasdaqq300 LLLP,Essential market,Accommodation and Food Services,2025-03-14 05:57:00.000,445120.0,Convenience Stores ,,844 martin luther king jr sr sw,,,,,Atlanta,GA,30314,844 martin luther king jr sr sw nan nan Atlanta GA 30314,"844 Martin Luther King Jr Dr SW, Atlanta, Georgia, 30314",-84.415145687829,33.754659256689,False,District 4,T,nasdaqq300 lllp,essential market,nasdaqq300 lllp essential market
GBL-0125-36213,SANIA 2455 LLC,FIESTA FOOD MARKET,Retail Trade,2025-07-21 09:59:49.000,445120.0,Convenience Stores ,,2455 PIEDMONT RD NE,,,,,ATLANTA,GA,30324,2455 PIEDMONT RD NE nan nan ATLANTA GA 30324,"2455 Piedmont Rd NE, Atlanta, Georgia, 30324",-84.366870012305,33.822298834018,False,District 6,B,sania 2455 llc,fiesta food market,sania 2455 llc fiesta food market
GBL-0222-09783,Ethnobotany Shop,Ethnobotany Shop,Retail Trade,2025-03-27 01:04:16.357,452319.0,All Other General Merchandise Stores ,,1228 Liberty Pkwy NW,,,NW,SUITE 903,Atlanta,GA,30318,1228 Liberty Pkwy NW nan nan Atlanta GA 30318,"1228 Liberty Pkwy NW, Atlanta, Georgia, 30318",-84.442280486432,33.81870777524,False,District 9,D,ethnobotany shop,ethnobotany shop,ethnobotany shop ethnobotany shop
GBL-0225-37215,Bartanicals,,Retail Trade,2025-04-29 06:43:00.000,445299.0,All Other Specialty Food Stores ,,2080 Defoor,,AVE,NW,210,Atlanta,GA,30318,2080 Defoor nan AVE Atlanta GA 30318,"2080 Defoor Ave NW, Atlanta, Georgia, 30318",-84.426365431597,33.81208359907,False,District 9,D,bartanicals,,bartanicals 
GBL-0225-37547,Buckhead 102,Edible Arrangements,Retail Trade,2025-03-24 07:40:00.000,445299.0,All Other Specialty Food Stores ,,3655 Roswell,,RD,NE,STE 214,Atlanta,GA,30328,3655 Roswell nan RD Atlanta GA 30328,"3655 Roswell Rd NE, Atlanta, Georgia, 30342",-84.382238986149,33.855807000704,False,District 7,B,buckhead 102,edible arrangements,buckhead 102 edible arrangements
GBL-0225-37738,Ice Me Out Water Ice Company LLC,,Accommodation and Food Services,2025-05-27 11:23:50.000,445299.0,All Other Specialty Food Stores ,,334,McDaniel,ST,SW,,Atlanta,GA,30313,334 McDaniel ST Atlanta GA 30313,"334 McDaniel St SW, Atlanta, Georgia, 30313",-84.405551070536,33.745757389695,False,District 4,M,ice me out water ice company llc,,ice me out water ice company llc 
GBL-0325-37990,PrintVision Creations LLC,PrintVision Creations,Retail Trade,2025-07-08 13:26:24.000,452319.0,All Other General Merchandise Stores ,,2521 Piedmont Rd NE,Apt 2107,,,,Atlanta,GA,30324,2521 Piedmont Rd NE Apt 2107 nan Atlanta GA 30324,"2521 Piedmont Rd NE, Atlanta, Georgia, 30324",-84.366636660121,33.823987242684,False,District 6,B,printvision creations llc,printvision creations,printvision creations llc printvision creations
GBL-0325-38086,785 LEE LLC,Food N Fun,Retail Trade,2025-05-21 12:43:00.000,445120.0,Convenience Stores ,,785 LEE ST SW,,,,,ATLANTA,GA,30310,785 LEE ST SW nan nan ATLANTA GA 30310,"785 Lee St SW, Atlanta, Georgia, 30310",-84.414498333081,33.7335803284,False,District 4,T,785 lee llc,food n fun,785 lee llc food n fun
GBL-0325-38086,785 LEE LLC,Food N Fun,Retail Trade,2025-05-21 12:43:00.000,445120.0,Convenience Stores ,,785 LEE ST SW,,,,,ATLANTA,GA,30310,785 LEE ST SW nan nan ATLANTA GA 30310,"785 Lee St SW, Atlanta, Georgia, 30310",-84.414498333081,33.7335803284,False,District 4,T,785 lee llc,food n fun,785 lee llc food n fun
GBL-0325-38304,BANGLADESH 2025 INC,DISCOUNT FOOD MART,Retail Trade,2025-04-02 11:32:33.000,445120.0,Convenience Stores ,,12,Atlanta,AVE,SW,,ATLANTA,GA,30315,12 Atlanta AVE ATLANTA GA 30315,"12 Atlanta Ave SW, Atlanta, Georgia, 30315",-84.388383004995,33.730290012309,True,District 1,V,bangladesh 2025 inc,discount food mart,bangladesh 2025 inc discount food mart
GBL-0325-38359,AVIQ LLC,TECH SHOP & RUN,Retail Trade,2025-04-28 14:15:40.000,445120.0,Convenience Stores ,,800,MARIETTA,ST,NW,Ste D,Atlanta,GA,30318,800 MARIETTA ST Atlanta GA 30318,"800 Marietta St NW, Atlanta, Georgia, 30318",-84.405895063843,33.773810739524,False,District 3,E,aviq llc,tech shop & run,aviq llc tech shop & run
GBL-0325-38706,Atlanta Texaco 808 LLC,Texaco Food Mart,Retail Trade,2025-06-02 13:34:00.000,445120.0,Convenience Stores ,SE,808 McDonough Blvd,,,,,Atlanta,GA,30315,808 McDonough Blvd nan nan Atlanta GA 30315,"808 McDonough Blvd SE, Atlanta, Georgia, 30315",-84.359945554454,33.709678199938,False,District 1,W,atlanta texaco 808 llc,texaco food mart,atlanta texaco 808 llc texaco food mart
GBL-0521-02978,FRENCHYS,Rhonda Perryman,Retail Trade,2025-04-28 21:02:08.243,452319.0,All Other General Merchandise Stores ,,1099 Boulevard ,,ST,SE,Unit 3125,Atlanta,GA,30312,1099 Boulevard  nan ST Atlanta GA 30312,"1099 Boulevard SE, Atlanta, Georgia, 30312",-84.368824001573,33.724078980146,True,District 1,Y,frenchys,rhonda perryman,frenchys rhonda perryman
GBL-0523-21004,JAYSHIVSHANKAR INC,CORNER FOOD MART,Retail Trade,2025-05-05 15:33:40.000,445120.0,Convenience Stores ,,2102 HOLLYWOOD RD NW,,,,,ATLANTA,GA,30318,2102 HOLLYWOOD RD NW nan nan ATLANTA GA 30318,"2102 Hollywood Rd NW, Atlanta, Georgia, 30318",-84.468993528033,33.813438701357,False,District 9,D,jayshivshankar inc,corner food mart,jayshivshankar inc corner food mart
GBL-0524-30576,349 INTOWN MARKET INC,INTOWN MARKET,Other Services except Public Administration,2025-06-13 10:22:12.000,445120.0,Convenience Stores ,,349,DECATUR,ST,SE,,Atlanta,GA,30312,349 DECATUR ST Atlanta GA 30312,"349 Decatur St SE, Atlanta, Georgia, 30312",-84.37828356604,33.749595295521,False,District 5,M,349 intown market inc,intown market,349 intown market inc intown market
GBL-0525-39841,Grady L Smith Enterprises LLC,Grady L Smith Enterprises LLC,Retail Trade,2025-05-28 11:36:13.000,452319.0,All Other General Merchandise Stores ,,374 Cleveland Ave,,,,,Atlanta,GA,30315,374 Cleveland Ave nan nan Atlanta GA 30315,"374 Cleveland Ave SW, Atlanta, Georgia, 30315",-84.401336398163,33.680816164092,True,District 12,X,grady l smith enterprises llc,grady l smith enterprises llc,grady l smith enterprises llc grady l smith enterprises llc
GBL-0525-40095,HALLY COKER INC,BEST 4 LESS GOODS FOOD MART,Retail Trade,2025-08-04 09:26:00.000,445120.0,Convenience Stores ,,1575 JOSEPH E BOONE BLVD NW,,,,STE C,ATLANTA,GA,30314,1575 JOSEPH E BOONE BLVD NW nan nan ATLANTA GA 30314,"1575 Joseph E Boone Blvd NW, Atlanta, Georgia, 30314",-84.439324859734,33.76392759558,True,District 3,J,hally coker inc,best 4 less goods food mart,hally coker inc best 4 less goods food mart
GBL-0525-40289,La Bodega at the Met Corp,La Bodega Market,Retail Trade,2025-07-21 05:31:00.000,445299.0,All Other Specialty Food Stores ,,1975 SYLVAN,,RD,SW,,Atlanta,GA,30310,1975 SYLVAN nan RD Atlanta GA 30310,"1975 Sylvan Rd SW, Atlanta, Georgia, 30310",-84.418999163629,33.700631528022,True,District 12,X,la bodega at the met corp,la bodega market,la bodega at the met corp la bodega market
GBL-0624-31364,Pretty Little Puffs Ltd Co,Pretty Little Puffs,Retail Trade,2025-04-23 09:03:37.000,452319.0,All Other General Merchandise Stores ,,1564,DEKALB,Avenue,NE,6,Atlanta,GA,,1564 DEKALB Avenue Atlanta GA nan,"1564 Dekalb Ave NE, Atlanta, Georgia, 30307",-84.336402967729,33.762686990091,False,District 2,N,pretty little puffs ltd co,pretty little puffs,pretty little puffs ltd co pretty little puffs
GBL-0624-31621,DONNELLY PROVISIONS LLC,DONNELLY PROVISIONS,Retail Trade,2025-06-18 10:08:32.000,445120.0,Convenience Stores ,,1308 DONNELLY AVE,,,SW,,ATLANTA,GA,30310,1308 DONNELLY AVE nan nan ATLANTA GA 30310,"1308 Donnelly Ave SW, Atlanta, Georgia, 30310",-84.430350020728,33.734778982464,False,District 4,T,donnelly provisions llc,donnelly provisions,donnelly provisions llc donnelly provisions
GBL-0625-41119,Gather'd Market LLC,Gather'd Market,Retail Trade,2025-08-12 10:04:00.000,445299.0,All Other Specialty Food Stores ,,3872,ROSWELL,Road,NE,,Atlanta,GA,,3872 ROSWELL Road Atlanta GA nan,"3872 Roswell Rd NE, Atlanta, Georgia, 30342",-84.380940964623,33.86089498357,False,District 8,B,gather'd market llc,gather'd market,gather'd market llc gather'd market
GBL-0722-14901,NANDINI ENTERPRISES LLC,BIG BROTHER MINI SUPERMARKET,Retail Trade,2025-05-24 23:05:01.567,445120.0,Convenience Stores ,,400,AMAL,Drive,SW,,Atlanta,GA,,400 AMAL Drive Atlanta GA nan,"400 Amal Dr SW, Atlanta, Georgia, 30315",-84.398904305137,33.707202018102,True,District 12,Y,nandini enterprises llc,big brother mini supermarket,nandini enterprises llc big brother mini supermarket
GBL-0723-21734,"Coating Connect, LLC",,Retail Trade,2025-06-04 23:05:22.700,452319.0,All Other General Merchandise Stores ,,1841 Marietta Blvd,,BLVD,,,Atlanta,GA,30318,1841 Marietta Blvd nan BLVD Atlanta GA 30318,"1841 Marietta Blvd, Atlanta, Georgia, 30318",-84.448353932143,33.794257167882,True,District 9,G,"coating connect, llc",,"coating connect, llc "
GBL-0725-41221,BHAMA2 LLC,KINGS FOOD MART,Retail Trade,2025-07-29 14:26:33.000,445120.0,Convenience Stores ,,844 MARTIN LUTHER KING JR DR SW,,,,,ATLANTA,GA,30314,844 MARTIN LUTHER KING JR DR SW nan nan ATLANTA GA 30314,"844 Martin Luther King Jr Dr SW, Atlanta, Georgia, 30314",-84.415145687829,33.754659256689,False,District 4,T,bhama2 llc,kings food mart,bhama2 llc kings food mart
GBL-0821-05598,MULU MART LL,,Retail Trade,2025-04-29 21:02:40.010,445120.0,Convenience Stores ,,1265,LEE,ST,SW,,Atlanta,GA,,1265 LEE ST Atlanta GA nan,"1265 Lee St SW, Atlanta, Georgia, 30310",-84.424590395961,33.720449155066,True,District 4,S,mulu mart ll,,mulu mart ll 
GBL-0824-32425,Pippa & Grace Inc,Pippa & Grace,Retail Trade,2025-03-17 10:12:57.000,445120.0,Convenience Stores ,,29 WALTON,,ST,NW,,Atlanta,GA,30303,29 WALTON nan ST Atlanta GA 30303,"29 Walton St NW, Atlanta, Georgia, 30303",-84.389914428826,33.755657543805,False,District 2,M,pippa & grace inc,pippa & grace,pippa & grace inc pippa & grace
GBL-0824-32805,B&B Top Sheet LLC,Boll & Branch,Retail Trade,2025-07-10 14:47:40.000,452210.0,Department Stores ,,1100 Howell Mill,,RD,NW,A04,Atlanta,GA,30318,1100 Howell Mill nan RD Atlanta GA 30318,"1100 Howell Mill Rd NW, Atlanta, Georgia, 30318",-84.411970518721,33.785486604918,False,District 3,E,b&b top sheet llc,boll & branch,b&b top sheet llc boll & branch
GBL-0923-23569,NOVA ELEMENT CORP,,Retail Trade,2025-05-08 23:02:18.997,452319.0,All Other General Merchandise Stores ,,99 West Paces Ferry Road NW,#506,,,,Atlanta,GA,30305,99 West Paces Ferry Road NW #506 nan Atlanta GA 30305,"99 W Paces Ferry Rd NW, Apartment 506, Atlanta, Georgia, 30305",-84.383299129262,33.841190302671,False,District 8,B,nova element corp,,nova element corp 
GBL-1024-34018,HWANG EUI HO,LENOX TOWER NEWSTAND,Retail Trade,2025-05-22 08:38:31.000,445120.0,Convenience Stores ,,3390,PEACHTREE,Road,NE,,Atlanta,GA,,3390 PEACHTREE Road Atlanta GA nan,"3390 Peachtree Rd NE, Atlanta, Georgia, 30326",-84.365151386878,33.849713608553,False,District 7,B,hwang eui ho,lenox tower newstand,hwang eui ho lenox tower newstand
GBL-1122-17272,1469 ATLANTA INC,MARATON FOOD MART,Retail Trade,2025-07-23 23:06:33.197,445120.0,Convenience Stores ,,1469 CAMPBELLTON,,RD,SW,,ATLANTA,GA,30311,1469 CAMPBELLTON nan RD ATLANTA GA 30311,"1469 Campbellton Rd SW, Atlanta, Georgia, 30311",-84.436590850557,33.714036873409,True,District 12,S,1469 atlanta inc,maraton food mart,1469 atlanta inc maraton food mart
GBL-1221-08736,"Tiringo Zeleke, LLC",FAIR STREET SUPERMARKET,Accommodation and Food Services,2025-07-18 08:58:52.000,445120.0,Convenience Stores ,,1021,FAIR,ST,SW,,ATLANTA,GA,30314,1021 FAIR ST ATLANTA GA 30314,"1021 Fair St SW, Atlanta, Georgia, 30314",-84.421301001879,33.749199669691,True,District 4,T,"tiringo zeleke, llc",fair street supermarket,"tiringo zeleke, llc fair street supermarket"
GBL-1222-17690,Magic Merch,,Retail Trade,2025-08-07 13:50:10.000,452319.0,All Other General Merchandise Stores ,,241,FORSYTH,Street,SW,,Atlanta,GA,30303,241 FORSYTH Street Atlanta GA 30303,"241 Forsyth St SW, Atlanta, Georgia, 30303",-84.397306798211,33.748307374189,False,District 4,M,magic merch,,magic merch 
GBL-1223-25366,"Savi@Highlands, LLC",Savi@Highlands,Retail Trade,2025-05-14 23:02:21.087,445120.0,Convenience Stores ,,1370 N Highlad Avenue NE Atlanta Georgia 30306,,,,,,,,1370 N Highlad Avenue NE Atlanta Georgia 30306 nan nan nan nan nan,"1370 N Highland Ave NE, Atlanta, Georgia, 30306",-84.353469863699,33.792310815208,False,District 6,F,"savi@highlands, llc",savi@highlands,"savi@highlands, llc savi@highlands"
GBL-1223-25366,"Savi@Highlands, LLC",Savi@Highlands,Retail Trade,2025-05-14 23:02:21.087,445120.0,Convenience Stores ,,1370 N Highlad Avenue NE Atlanta Georgia 30306,,,,,,,,1370 N Highlad Avenue NE Atlanta Georgia 30306 nan nan nan nan nan,"1370 N Highland Ave NE, Atlanta, Georgia, 30306",-84.353469863699,33.792310815208,False,District 6,F,"savi@highlands, llc",savi@highlands,"savi@highlands, llc savi@highlands"
GBL-1224-34695,Exo Mart Inc.,,Retail Trade,2025-05-15 16:03:43.000,445120.0,Convenience Stores ,,350 Marietta Street NW,,,,,Atlanta,GA,30313,350 Marietta Street NW nan nan Atlanta GA 30313,"350 Marietta St NW, Atlanta, Georgia, 30313",-84.397149888984,33.762683176325,False,District 4,M,exo mart inc.,,exo mart inc. 
LGB-114607-2020,"ROSS DRESS FOR LESS, INC",,Retail Trade,2025-03-14 23:03:15.540,452210.0,Department Stores ,,1255,CAROLINE,ST,NE,,ATLANTA,GA,30307,1255 CAROLINE ST ATLANTA GA 30307,"1255 Caroline St NE, Atlanta, Georgia, 30307",-84.347417878149,33.757845435179,False,District 5,O,"ross dress for less, inc",,"ross dress for less, inc "
LGB-145365-2020,CLASSIC APPARELL,,Other Services except Public Administration,2025-04-01 18:34:18.777,452319.0,All Other General Merchandise Stores ,,348,WOODLAWN,AVE,NW,,ATLANTA,GA,30318,348 WOODLAWN AVE ATLANTA GA 30318,"348 Woodlawn Ave NW, Atlanta, Georgia, 30318",-84.436514323781,33.764652755933,True,District 3,J,classic apparell,,classic apparell 
LGB-185159-2020,"Crown Global Investments, Inc.",CIRCLE K #2655984,Construction,2025-03-27 01:04:26.893,445120.0,Convenience Stores ,,160,Ted Turner,DR,NW,2B,ATLANTA,GA,30303,160 Ted Turner DR ATLANTA GA 30303,"160 Ted Turner Dr NW, Atlanta, Georgia, 30303",-84.390092577967,33.759345418662,False,District 2,M,"crown global investments, inc.",circle k #2655984,"crown global investments, inc. circle k #2655984"
